-- MovieContentFilter (https://www.moviecontentfilter.com/)
-- Copyright (c) delight.im (https://www.delight.im/)
-- Licensed under the GNU AGPL v3 (https://www.gnu.org/licenses/agpl-3.0.txt)

/*!40101 SET @OLD_CHARACTER_SET_CLIENT=@@CHARACTER_SET_CLIENT */;
/*!40101 SET @OLD_CHARACTER_SET_RESULTS=@@CHARACTER_SET_RESULTS */;
/*!40101 SET @OLD_COLLATION_CONNECTION=@@COLLATION_CONNECTION */;
/*!40101 SET NAMES utf8mb4 */;
/*!40103 SET @OLD_TIME_ZONE=@@TIME_ZONE */;
/*!40103 SET TIME_ZONE='+00:00' */;
/*!40014 SET @OLD_UNIQUE_CHECKS=@@UNIQUE_CHECKS, UNIQUE_CHECKS=0 */;
/*!40014 SET @OLD_FOREIGN_KEY_CHECKS=@@FOREIGN_KEY_CHECKS, FOREIGN_KEY_CHECKS=0 */;
/*!40101 SET @OLD_SQL_MODE=@@SQL_MODE, SQL_MODE='NO_AUTO_VALUE_ON_ZERO' */;
/*!40111 SET @OLD_SQL_NOTES=@@SQL_NOTES, SQL_NOTES=0 */;

LOCK TABLES `categories` WRITE;
/*!40000 ALTER TABLE `categories` DISABLE KEYS */;
INSERT INTO `categories` (`id`, `name`, `label`, `is_general`, `topic_id`) VALUES (1,'commercial','Commercial content',1,1);
INSERT INTO `categories` (`id`, `name`, `label`, `is_general`, `topic_id`) VALUES (2,'advertBreak','Advert break',0,1);
INSERT INTO `categories` (`id`, `name`, `label`, `is_general`, `topic_id`) VALUES (3,'consumerism','Consumerism',0,1);
INSERT INTO `categories` (`id`, `name`, `label`, `is_general`, `topic_id`) VALUES (4,'productPlacement','Product placement',0,1);
INSERT INTO `categories` (`id`, `name`, `label`, `is_general`, `topic_id`) VALUES (5,'discrimination','Discrimination',1,2);
INSERT INTO `categories` (`id`, `name`, `label`, `is_general`, `topic_id`) VALUES (6,'adultism','Adultism',0,2);
INSERT INTO `categories` (`id`, `name`, `label`, `is_general`, `topic_id`) VALUES (7,'antisemitism','Antisemitism',0,2);
INSERT INTO `categories` (`id`, `name`, `label`, `is_general`, `topic_id`) VALUES (8,'genderism','Genderism',0,2);
INSERT INTO `categories` (`id`, `name`, `label`, `is_general`, `topic_id`) VALUES (9,'homophobia','Homophobia',0,2);
INSERT INTO `categories` (`id`, `name`, `label`, `is_general`, `topic_id`) VALUES (10,'misandry','Misandry',0,2);
INSERT INTO `categories` (`id`, `name`, `label`, `is_general`, `topic_id`) VALUES (11,'misogyny','Misogyny',0,2);
INSERT INTO `categories` (`id`, `name`, `label`, `is_general`, `topic_id`) VALUES (12,'racism','Racism',0,2);
INSERT INTO `categories` (`id`, `name`, `label`, `is_general`, `topic_id`) VALUES (13,'sexism','Sexism',0,2);
INSERT INTO `categories` (`id`, `name`, `label`, `is_general`, `topic_id`) VALUES (14,'supremacism','Supremacism',0,2);
INSERT INTO `categories` (`id`, `name`, `label`, `is_general`, `topic_id`) VALUES (15,'transphobia','Transphobia',0,2);
INSERT INTO `categories` (`id`, `name`, `label`, `is_general`, `topic_id`) VALUES (16,'xenophobia','Xenophobia',0,2);
INSERT INTO `categories` (`id`, `name`, `label`, `is_general`, `topic_id`) VALUES (17,'dispensable','Dispensable scenes',1,3);
INSERT INTO `categories` (`id`, `name`, `label`, `is_general`, `topic_id`) VALUES (18,'idiocy','Idiocy',0,3);
INSERT INTO `categories` (`id`, `name`, `label`, `is_general`, `topic_id`) VALUES (19,'tedious','Tedious scene',0,3);
INSERT INTO `categories` (`id`, `name`, `label`, `is_general`, `topic_id`) VALUES (20,'drugs','Drugs',1,4);
INSERT INTO `categories` (`id`, `name`, `label`, `is_general`, `topic_id`) VALUES (21,'alcohol','Alcohol',0,4);
INSERT INTO `categories` (`id`, `name`, `label`, `is_general`, `topic_id`) VALUES (22,'antipsychotics','Antipsychotics',0,4);
INSERT INTO `categories` (`id`, `name`, `label`, `is_general`, `topic_id`) VALUES (23,'cigarettes','Cigarettes',0,4);
INSERT INTO `categories` (`id`, `name`, `label`, `is_general`, `topic_id`) VALUES (24,'depressants','Depressants',0,4);
INSERT INTO `categories` (`id`, `name`, `label`, `is_general`, `topic_id`) VALUES (25,'gambling','Gambling',0,4);
INSERT INTO `categories` (`id`, `name`, `label`, `is_general`, `topic_id`) VALUES (26,'hallucinogens','Hallucinogens',0,4);
INSERT INTO `categories` (`id`, `name`, `label`, `is_general`, `topic_id`) VALUES (27,'stimulants','Stimulants',0,4);
INSERT INTO `categories` (`id`, `name`, `label`, `is_general`, `topic_id`) VALUES (28,'fear','Fear',1,5);
INSERT INTO `categories` (`id`, `name`, `label`, `is_general`, `topic_id`) VALUES (29,'accident','Accident',0,5);
INSERT INTO `categories` (`id`, `name`, `label`, `is_general`, `topic_id`) VALUES (30,'acrophobia','Acrophobia',0,5);
INSERT INTO `categories` (`id`, `name`, `label`, `is_general`, `topic_id`) VALUES (31,'aliens','Aliens',0,5);
INSERT INTO `categories` (`id`, `name`, `label`, `is_general`, `topic_id`) VALUES (32,'arachnophobia','Arachnophobia',0,5);
INSERT INTO `categories` (`id`, `name`, `label`, `is_general`, `topic_id`) VALUES (33,'astraphobia','Astraphobia',0,5);
INSERT INTO `categories` (`id`, `name`, `label`, `is_general`, `topic_id`) VALUES (34,'aviophobia','Aviophobia',0,5);
INSERT INTO `categories` (`id`, `name`, `label`, `is_general`, `topic_id`) VALUES (35,'chemophobia','Chemophobia',0,5);
INSERT INTO `categories` (`id`, `name`, `label`, `is_general`, `topic_id`) VALUES (36,'claustrophobia','Claustrophobia',0,5);
INSERT INTO `categories` (`id`, `name`, `label`, `is_general`, `topic_id`) VALUES (37,'coulrophobia','Coulrophobia',0,5);
INSERT INTO `categories` (`id`, `name`, `label`, `is_general`, `topic_id`) VALUES (38,'cynophobia','Cynophobia',0,5);
INSERT INTO `categories` (`id`, `name`, `label`, `is_general`, `topic_id`) VALUES (39,'death','Death',0,5);
INSERT INTO `categories` (`id`, `name`, `label`, `is_general`, `topic_id`) VALUES (40,'dentophobia','Dentophobia',0,5);
INSERT INTO `categories` (`id`, `name`, `label`, `is_general`, `topic_id`) VALUES (41,'emetophobia','Emetophobia',0,5);
INSERT INTO `categories` (`id`, `name`, `label`, `is_general`, `topic_id`) VALUES (42,'enochlophobia','Enochlophobia',0,5);
INSERT INTO `categories` (`id`, `name`, `label`, `is_general`, `topic_id`) VALUES (43,'explosion','Explosion',0,5);
INSERT INTO `categories` (`id`, `name`, `label`, `is_general`, `topic_id`) VALUES (44,'fire','Fire',0,5);
INSERT INTO `categories` (`id`, `name`, `label`, `is_general`, `topic_id`) VALUES (45,'gerascophobia','Gerascophobia',0,5);
INSERT INTO `categories` (`id`, `name`, `label`, `is_general`, `topic_id`) VALUES (46,'ghosts','Ghosts',0,5);
INSERT INTO `categories` (`id`, `name`, `label`, `is_general`, `topic_id`) VALUES (47,'grave','Grave',0,5);
INSERT INTO `categories` (`id`, `name`, `label`, `is_general`, `topic_id`) VALUES (48,'hemophobia','Hemophobia',0,5);
INSERT INTO `categories` (`id`, `name`, `label`, `is_general`, `topic_id`) VALUES (49,'hylophobia','Hylophobia',0,5);
INSERT INTO `categories` (`id`, `name`, `label`, `is_general`, `topic_id`) VALUES (50,'melissophobia','Melissophobia',0,5);
INSERT INTO `categories` (`id`, `name`, `label`, `is_general`, `topic_id`) VALUES (51,'misophonia','Misophonia',0,5);
INSERT INTO `categories` (`id`, `name`, `label`, `is_general`, `topic_id`) VALUES (52,'musophobia','Musophobia',0,5);
INSERT INTO `categories` (`id`, `name`, `label`, `is_general`, `topic_id`) VALUES (53,'mysophobia','Mysophobia',0,5);
INSERT INTO `categories` (`id`, `name`, `label`, `is_general`, `topic_id`) VALUES (54,'nosocomephobia','Nosocomephobia',0,5);
INSERT INTO `categories` (`id`, `name`, `label`, `is_general`, `topic_id`) VALUES (55,'nyctophobia','Nyctophobia',0,5);
INSERT INTO `categories` (`id`, `name`, `label`, `is_general`, `topic_id`) VALUES (56,'siderodromophobia','Siderodromophobia',0,5);
INSERT INTO `categories` (`id`, `name`, `label`, `is_general`, `topic_id`) VALUES (57,'thalassophobia','Thalassophobia',0,5);
INSERT INTO `categories` (`id`, `name`, `label`, `is_general`, `topic_id`) VALUES (58,'vampires','Vampires',0,5);
INSERT INTO `categories` (`id`, `name`, `label`, `is_general`, `topic_id`) VALUES (59,'language','Language',1,6);
INSERT INTO `categories` (`id`, `name`, `label`, `is_general`, `topic_id`) VALUES (60,'blasphemy','Blasphemy',0,6);
INSERT INTO `categories` (`id`, `name`, `label`, `is_general`, `topic_id`) VALUES (61,'nameCalling','Name-calling',0,6);
INSERT INTO `categories` (`id`, `name`, `label`, `is_general`, `topic_id`) VALUES (62,'sexualDialogue','Sexual dialogue',0,6);
INSERT INTO `categories` (`id`, `name`, `label`, `is_general`, `topic_id`) VALUES (63,'swearing','Swearing',0,6);
INSERT INTO `categories` (`id`, `name`, `label`, `is_general`, `topic_id`) VALUES (64,'vulgarity','Vulgarity',0,6);
INSERT INTO `categories` (`id`, `name`, `label`, `is_general`, `topic_id`) VALUES (65,'nudity','Nudity',1,7);
INSERT INTO `categories` (`id`, `name`, `label`, `is_general`, `topic_id`) VALUES (66,'bareButtocks','Bare buttocks',0,7);
INSERT INTO `categories` (`id`, `name`, `label`, `is_general`, `topic_id`) VALUES (67,'exposedGenitalia','Exposed genitalia',0,7);
INSERT INTO `categories` (`id`, `name`, `label`, `is_general`, `topic_id`) VALUES (68,'fullNudity','Full nudity',0,7);
INSERT INTO `categories` (`id`, `name`, `label`, `is_general`, `topic_id`) VALUES (69,'toplessness','Toplessness',0,7);
INSERT INTO `categories` (`id`, `name`, `label`, `is_general`, `topic_id`) VALUES (70,'sex','Sex',1,8);
INSERT INTO `categories` (`id`, `name`, `label`, `is_general`, `topic_id`) VALUES (71,'adultery','Adultery',0,8);
INSERT INTO `categories` (`id`, `name`, `label`, `is_general`, `topic_id`) VALUES (72,'analSex','Anal sex',0,8);
INSERT INTO `categories` (`id`, `name`, `label`, `is_general`, `topic_id`) VALUES (73,'coitus','Coitus',0,8);
INSERT INTO `categories` (`id`, `name`, `label`, `is_general`, `topic_id`) VALUES (74,'kissing','Kissing',0,8);
INSERT INTO `categories` (`id`, `name`, `label`, `is_general`, `topic_id`) VALUES (75,'masturbation','Masturbation',0,8);
INSERT INTO `categories` (`id`, `name`, `label`, `is_general`, `topic_id`) VALUES (76,'objectification','Objectification',0,8);
INSERT INTO `categories` (`id`, `name`, `label`, `is_general`, `topic_id`) VALUES (77,'oralSex','Oral sex',0,8);
INSERT INTO `categories` (`id`, `name`, `label`, `is_general`, `topic_id`) VALUES (78,'premaritalSex','Premarital sex',0,8);
INSERT INTO `categories` (`id`, `name`, `label`, `is_general`, `topic_id`) VALUES (79,'promiscuity','Promiscuity',0,8);
INSERT INTO `categories` (`id`, `name`, `label`, `is_general`, `topic_id`) VALUES (80,'prostitution','Prostitution',0,8);
INSERT INTO `categories` (`id`, `name`, `label`, `is_general`, `topic_id`) VALUES (81,'violence','Violence',1,9);
INSERT INTO `categories` (`id`, `name`, `label`, `is_general`, `topic_id`) VALUES (82,'choking','Choking',0,9);
INSERT INTO `categories` (`id`, `name`, `label`, `is_general`, `topic_id`) VALUES (83,'crueltyToAnimals','Cruelty to animals',0,9);
INSERT INTO `categories` (`id`, `name`, `label`, `is_general`, `topic_id`) VALUES (84,'culturalViolence','Cultural violence',0,9);
INSERT INTO `categories` (`id`, `name`, `label`, `is_general`, `topic_id`) VALUES (85,'desecration','Desecration',0,9);
INSERT INTO `categories` (`id`, `name`, `label`, `is_general`, `topic_id`) VALUES (86,'emotionalViolence','Emotional violence',0,9);
INSERT INTO `categories` (`id`, `name`, `label`, `is_general`, `topic_id`) VALUES (87,'kicking','Kicking',0,9);
INSERT INTO `categories` (`id`, `name`, `label`, `is_general`, `topic_id`) VALUES (88,'massacre','Massacre',0,9);
INSERT INTO `categories` (`id`, `name`, `label`, `is_general`, `topic_id`) VALUES (89,'murder','Murder',0,9);
INSERT INTO `categories` (`id`, `name`, `label`, `is_general`, `topic_id`) VALUES (90,'punching','Punching',0,9);
INSERT INTO `categories` (`id`, `name`, `label`, `is_general`, `topic_id`) VALUES (91,'rape','Rape',0,9);
INSERT INTO `categories` (`id`, `name`, `label`, `is_general`, `topic_id`) VALUES (92,'slapping','Slapping',0,9);
INSERT INTO `categories` (`id`, `name`, `label`, `is_general`, `topic_id`) VALUES (93,'slavery','Slavery',0,9);
INSERT INTO `categories` (`id`, `name`, `label`, `is_general`, `topic_id`) VALUES (94,'stabbing','Stabbing',0,9);
INSERT INTO `categories` (`id`, `name`, `label`, `is_general`, `topic_id`) VALUES (95,'torture','Torture',0,9);
INSERT INTO `categories` (`id`, `name`, `label`, `is_general`, `topic_id`) VALUES (96,'warfare','Warfare',0,9);
INSERT INTO `categories` (`id`, `name`, `label`, `is_general`, `topic_id`) VALUES (97,'weapons','Weapons',0,9);
/*!40000 ALTER TABLE `categories` ENABLE KEYS */;
UNLOCK TABLES;

LOCK TABLES `channels` WRITE;
/*!40000 ALTER TABLE `channels` DISABLE KEYS */;
INSERT INTO `channels` (`id`, `name`, `label`, `is_default`) VALUES (1,'both','Both video and audio',1);
INSERT INTO `channels` (`id`, `name`, `label`, `is_default`) VALUES (2,'video','Video only',0);
INSERT INTO `channels` (`id`, `name`, `label`, `is_default`) VALUES (3,'audio','Audio only',0);
/*!40000 ALTER TABLE `channels` ENABLE KEYS */;
UNLOCK TABLES;

LOCK TABLES `severities` WRITE;
/*!40000 ALTER TABLE `severities` DISABLE KEYS */;
INSERT INTO `severities` (`id`, `name`, `label`, `available_as_annotation`, `available_as_preference`, `label_in_preferences`, `inclusiveness`, `coefficient`) VALUES (1,'low','Low',1,1,'Filter low, medium and high severity',3,0.250);
INSERT INTO `severities` (`id`, `name`, `label`, `available_as_annotation`, `available_as_preference`, `label_in_preferences`, `inclusiveness`, `coefficient`) VALUES (2,'medium','Medium',1,1,'Filter medium and high severity',2,1.000);
INSERT INTO `severities` (`id`, `name`, `label`, `available_as_annotation`, `available_as_preference`, `label_in_preferences`, `inclusiveness`, `coefficient`) VALUES (3,'high','High',1,1,'Filter high severity',1,1.750);
INSERT INTO `severities` (`id`, `name`, `label`, `available_as_annotation`, `available_as_preference`, `label_in_preferences`, `inclusiveness`, `coefficient`) VALUES (4,'none','None',0,1,'Do not filter anything',0,0.000);
/*!40000 ALTER TABLE `severities` ENABLE KEYS */;
UNLOCK TABLES;

LOCK TABLES `topics` WRITE;
/*!40000 ALTER TABLE `topics` DISABLE KEYS */;
INSERT INTO `topics` (`id`, `label`) VALUES (1,'Commercial content');
INSERT INTO `topics` (`id`, `label`) VALUES (2,'Discrimination');
INSERT INTO `topics` (`id`, `label`) VALUES (3,'Dispensable scenes');
INSERT INTO `topics` (`id`, `label`) VALUES (4,'Drugs');
INSERT INTO `topics` (`id`, `label`) VALUES (5,'Fear');
INSERT INTO `topics` (`id`, `label`) VALUES (6,'Language');
INSERT INTO `topics` (`id`, `label`) VALUES (7,'Nudity');
INSERT INTO `topics` (`id`, `label`) VALUES (8,'Sex');
INSERT INTO `topics` (`id`, `label`) VALUES (9,'Violence');
/*!40000 ALTER TABLE `topics` ENABLE KEYS */;
UNLOCK TABLES;
/*!40103 SET TIME_ZONE=@OLD_TIME_ZONE */;

/*!40101 SET SQL_MODE=@OLD_SQL_MODE */;
/*!40014 SET FOREIGN_KEY_CHECKS=@OLD_FOREIGN_KEY_CHECKS */;
/*!40014 SET UNIQUE_CHECKS=@OLD_UNIQUE_CHECKS */;
/*!40101 SET CHARACTER_SET_CLIENT=@OLD_CHARACTER_SET_CLIENT */;
/*!40101 SET CHARACTER_SET_RESULTS=@OLD_CHARACTER_SET_RESULTS */;
/*!40101 SET COLLATION_CONNECTION=@OLD_COLLATION_CONNECTION */;
/*!40111 SET SQL_NOTES=@OLD_SQL_NOTES */;
